,person_id,age,complexion,genere,observation,nir_image,preprocessed_image,mask,acf_bbox_x1,acf_bbox_x2,acf_bbox_y1,acf_bbox_y2,acf_center_x,acf_center_y,arm_angle
0,M0001,11,obese,M,,nir_images/0.png,preprocessed_images/0.png,masks/0.png,779,1126,346,672,953,509,5.0
1,M0002,11,skinny,F,,nir_images/1.png,preprocessed_images/1.png,masks/1.png,837,1080,490,750,959,620,5.0
2,M0003,12,slim,F,,nir_images/2.png,preprocessed_images/2.png,masks/2.png,893,1185,132,424,1039,278,168.0
3,M0004,12,slim,F,,nir_images/3.png,preprocessed_images/3.png,masks/3.png,730,985,431,683,858,557,5.0
4,M0005,11,skinny,M,,nir_images/4.png,preprocessed_images/4.png,masks/4.png,770,997,409,634,884,522,178.0
5,M0006,12,slim,M,,nir_images/5.png,preprocessed_images/5.png,masks/5.png,1029,1266,297,554,1148,426,171.0
6,M0007,11,obese,M,,nir_images/6.png,preprocessed_images/6.png,masks/6.png,938,1242,187,473,1090,330,162.0
7,M0008,11,skinny,M,,nir_images/7.png,preprocessed_images/7.png,masks/7.png,822,1060,324,563,941,444,174.0
8,M0009,11,slim,M,,nir_images/8.png,preprocessed_images/8.png,masks/8.png,921,1145,483,715,1033,599,175.0
9,M0010,11,slim,M,dwarfism,nir_images/9.png,preprocessed_images/9.png,masks/9.png,989,1199,510,715,1094,613,5.0